{
  "main_metrics": {
    "accuracy": 0.9974747474747475,
    "precision": 0.9974747474747475,
    "recall": 0.9974747474747475,
    "f1": 0.9974747474747475,
    "macro_f1": 0.9974747474747475,
    "brier_score": 0.011284536682069302,
    "threshold": 0.7199999999999996,
    "auroc": 0.9999936230996838,
    "auprc": 0.9999936391624049,
    "confusion_matrix": [
      [
        395,
        1
      ],
      [
        1,
        395
      ]
    ],
    "true_negatives": 395,
    "false_positives": 1,
    "false_negatives": 1,
    "true_positives": 395,
    "ece": 0.08643426121485354
  },
  "thresholds": {
    "threshold_f1_best": {
      "threshold": 0.7199999999999996,
      "value": 0.9987499980468719
    },
    "threshold_high_recall_tom": {
      "threshold": 0.1,
      "value": 1.0
    },
    "threshold_accuracy_best": {
      "threshold": 0.7199999999999996,
      "value": 0.99875
    }
  },
  "source_metrics": {
    "cicero": {
      "accuracy": 1.0,
      "precision": 0.0,
      "recall": 0.0,
      "f1": 0.0,
      "macro_f1": 1.0,
      "brier_score": 0.022311653941869736,
      "threshold": 0.7199999999999996,
      "auroc": NaN,
      "auprc": 0.0,
      "confusion_matrix": [
        [
          146
        ]
      ],
      "n_samples": 146
    },
    "kokomind": {
      "accuracy": 0.7142857142857143,
      "precision": 0.8,
      "recall": 0.8,
      "f1": 0.8,
      "macro_f1": 0.65,
      "brier_score": 0.13965396583080292,
      "threshold": 0.7199999999999996,
      "auroc": 0.9,
      "auprc": 0.9666666666666666,
      "confusion_matrix": [
        [
          1,
          1
        ],
        [
          1,
          4
        ]
      ],
      "true_negatives": 1,
      "false_positives": 1,
      "false_negatives": 1,
      "true_positives": 4,
      "n_samples": 7
    },
    "simpletom": {
      "accuracy": 1.0,
      "precision": 1.0,
      "recall": 1.0,
      "f1": 1.0,
      "macro_f1": 1.0,
      "brier_score": 0.01408821064978838,
      "threshold": 0.7199999999999996,
      "auroc": NaN,
      "auprc": 1.0,
      "confusion_matrix": [
        [
          55
        ]
      ],
      "n_samples": 55
    },
    "social_iqa": {
      "accuracy": 1.0,
      "precision": 0.0,
      "recall": 0.0,
      "f1": 0.0,
      "macro_f1": 1.0,
      "brier_score": 0.005279392469674349,
      "threshold": 0.7199999999999996,
      "auroc": NaN,
      "auprc": 0.0,
      "confusion_matrix": [
        [
          248
        ]
      ],
      "n_samples": 248
    },
    "theory_of_mind": {
      "accuracy": 1.0,
      "precision": 1.0,
      "recall": 1.0,
      "f1": 1.0,
      "macro_f1": 1.0,
      "brier_score": 0.01568014733493328,
      "threshold": 0.7199999999999996,
      "auroc": NaN,
      "auprc": 1.0,
      "confusion_matrix": [
        [
          56
        ]
      ],
      "n_samples": 56
    },
    "tomi_nli": {
      "accuracy": 1.0,
      "precision": 1.0,
      "recall": 1.0,
      "f1": 1.0,
      "macro_f1": 1.0,
      "brier_score": 0.006214441731572151,
      "threshold": 0.7199999999999996,
      "auroc": NaN,
      "auprc": 1.0,
      "confusion_matrix": [
        [
          280
        ]
      ],
      "n_samples": 280
    }
  },
  "subtype_metrics": {
    "belief": {
      "accuracy": 0.9974358974358974,
      "precision": 1.0,
      "recall": 0.9974358974358974,
      "f1": 0.9987163029525032,
      "macro_f1": 0.4993581514762516,
      "brier_score": 0.009375161491334438,
      "threshold": 0.7199999999999996,
      "auroc": NaN,
      "auprc": 1.0,
      "confusion_matrix": [
        [
          0,
          0
        ],
        [
          1,
          389
        ]
      ],
      "true_negatives": 0,
      "false_positives": 0,
      "false_negatives": 1,
      "true_positives": 389,
      "n_samples": 390
    },
    "emotion": {
      "accuracy": 1.0,
      "precision": 0.0,
      "recall": 0.0,
      "f1": 0.0,
      "macro_f1": 1.0,
      "brier_score": 0.00720079243183136,
      "threshold": 0.7199999999999996,
      "auroc": NaN,
      "auprc": 0.0,
      "confusion_matrix": [
        [
          92
        ]
      ],
      "n_samples": 92
    },
    "intention": {
      "accuracy": 1.0,
      "precision": 1.0,
      "recall": 1.0,
      "f1": 1.0,
      "macro_f1": 1.0,
      "brier_score": 0.0071752071380615234,
      "threshold": 0.7199999999999996,
      "auroc": NaN,
      "auprc": 1.0,
      "confusion_matrix": [
        [
          5
        ]
      ],
      "n_samples": 5
    },
    "social_commonsense": {
      "accuracy": 1.0,
      "precision": 0.0,
      "recall": 0.0,
      "f1": 0.0,
      "macro_f1": 1.0,
      "brier_score": 0.012928204610943794,
      "threshold": 0.7199999999999996,
      "auroc": NaN,
      "auprc": 0.0,
      "confusion_matrix": [
        [
          302
        ]
      ],
      "n_samples": 302
    }
  }
}